"Variable / Field Name","Form Name","Section Header","Field Type","Field Label","Choices, Calculations, OR Slider Labels","Field Note","Text Validation Type OR Show Slider Number","Text Validation Min","Text Validation Max",Identifier?,"Branching Logic (Show field only if...)","Required Field?","Custom Alignment","Question Number (surveys only)","Matrix Group Name","Matrix Ranking?","Field Annotation"
invitae_redox_order,redox_invitae,"<div class=""rich-text-field-label""><p>Invitae Ordering via Redox API</p> <p><span style=""font-weight: normal;"">Orders are submitted to Invitae via Redox API on a nightly basis. An order will be submitted for this participant when the following are true:</span></p> <ol> <li><span style=""font-weight: normal;"">Specimen Tracking instrument:</span> <ol> <li><span style=""font-weight: normal;"">""Invitae Sample Received"" is ""Yes""</span></li> <li><span style=""font-weight: normal;"">""Invitae sample received but need new sample"" is ""No"" or blank</span></li> </ol> </li> <li><span style=""font-weight: normal;"">Participant age is over 18 (Prescreening Survey)</span></li> <li><span style=""font-weight: normal;"">Participant has not withdrawn (Study Withdrawl)</span></li> <li><span style=""font-weight: normal;"">""Ready to submit"" field is ""Yes"" (below)</span></li> </ol></div>",yesno,"Ready to submit order for this participant to Invitae via Redox API?",,"This field will be changed back to ""No""  after the order is submitted.",,,,,,,,,,,
invitae_redox_instruction,redox_invitae,,descriptive,"<div class=""rich-text-field-label""><p><span style=""color: #e03e2d;"">The fields below should only be filled in by Columbia's internal Invitae ordering script.</span></p></div>",,,,,,,,,,,,,
invitae_redox_order_id,redox_invitae,,text,"Order ID (assigned by Columbia)",,"Order ID of the most recent order",,,,,,,,,,," @READONLY"
invitae_redox_order_date,redox_invitae,,text,"Order submission date",,"Submission date of the most recent order",date_mdy,2022-11-01,2027-12-31,,,,,,,," @READONLY"
invitae_redox_order_status,redox_invitae,,dropdown,"Status of Invitae Order","1, Not ordered yet | 2, Order submitted via Redox | 3, Order received | 4, Order completed | 5, Order failed",,,,,,,,,,,," @READONLY
@HIDECHOICE='3'
@HIDECHOICE='4'"
invitae_redox_log,redox_invitae,,notes,,,"Detailed log of order attempts",,,,,,,,,,," @READONLY"
